ebotdata__Abandoned_Type__c,ebotdata__Agent_Handle_Time__c,ebotdata__Agent_Wait_Time__c,ebotdata__Bot_Invocation_Time__c,ebotdata__Business_Dialog_Reached__c,Case__c,ebotdata__Chatbot_Case_Created__c,ebotdata__Chat_Page__c,ebotdata__Chat_Button_Id__c,ebotdata__Contained_Type__c,ebotdata__Einstein_Analytics_Reporting_Process__c,ebotdata__Einstein_Bot_Duration__c,ebotdata__Einstein_Bot_Escalation_Requested__c,ebotdata__Einstein_Bot_Escalation_Successful__c,ebotdata__Einstein_Bot_Escalation__c,ebotdata__Escalation_Breakdown__c,ebotdata__Escalation_Outcome__c,Id,ebotdata__Live_Agent_Session_Id__c,ebotdata__Live_Chat_Transcript__c,ebotdata__Live_Chat_Transcript__r.Name,Name,ebotdata__Outcome__c,ebotdata__Self_Served_Dialog_Reached__c,ebotdata__Successful_Resolution__c,ebotdata__System_Wait_Time__c,ebotdata__Visitor_Contact__c,ebotdata__NlpMatchCount__c,ebotdata__NlpMessageCount__c
Other,191,,,TRUE,,,Home,5731U000000h51d,Abandoned,FALSE,,FALSE,FALSE,,,,a1E1l0000005HSuEAM,4a9f4fe3-a4fb-4280-9c5c-e7c3d2a7af1e,5701l0000004SqyAAE,918,a1E1l0000005HSu,Case Deflection,FALSE,,,0031l000002UlBgAAK,39,39
Other,251,,,TRUE,,,Contact Us,5731U000000h51d,Abandoned,FALSE,,FALSE,FALSE,,,,a1E1l0000005HSpEAM,f611b01c-5844-4743-b8fb-15a34c57aeac,5701l0000004SqtAAE,917,a1E1l0000005HSp,Case Deflection,FALSE,,,,14,14
Other,71,,,TRUE,,,Support,5731U000000h51d,Abandoned,FALSE,,FALSE,FALSE,,,,a1E1l0000005HSkEAM,edef902c-7aff-42db-853c-dea3125282e7,5701l0000004SqoAAE,916,a1E1l0000005HSk,Case Deflection,FALSE,,,,10,14
Other,0,,2,FALSE,,,Home,5731U000000h51d,Abandoned,TRUE,35,FALSE,FALSE,,,,a1E1l0000005GyhEAE,c5f13b17-340d-403e-9b29-ef917cdc19a9,5701l0000004SonAAE,915,a1E1l0000005Gyh,Case Deflection,FALSE,No Response,,0031l000002UlBgAAK,7,7
Other,0,,5,FALSE,,,Contact Us,5731U000000h51d,Abandoned,TRUE,37,FALSE,FALSE,,,,a1E1l0000005GycEAE,d53c153e-0b18-4e90-9918-dd38e98b302a,5701l0000004SoiAAE,914,a1E1l0000005Gyc,Case Deflection,FALSE,No Response,,0031l000002UlBgAAK,6,8
Other,0,,6,TRUE,,,Support,5731U000000h51d,Abandoned,TRUE,85,FALSE,FALSE,,,,a1E1l0000005GyXEAU,9f2a5336-8c2e-4e21-8632-e625b46f23e0,5701l0000004SoYAAU,913,a1E1l0000005GyX,Case Deflection,FALSE,No Response,,0031l000002UlBgAAK,6,7
Other,0,,2,TRUE,,,Home,5731U000000h51d,Abandoned,TRUE,213,FALSE,FALSE,,,,a1E1l0000005Gy8EAE,c7fa55c3-c437-42da-ae71-3f8a59f32d70,5701l0000004SoOAAU,912,a1E1l0000005Gy8,Case Deflection,FALSE,No Response,,,4,4
,0,,2,TRUE,,,Contact Us,5731U000000h51d,,TRUE,161,FALSE,FALSE,No Agents Available,By Design,Unsuccessful,a1E1l0000005GxyEAE,85d9fa89-13f3-44cb-ab7e-02eeedd0084e,5701l0000004SoJAAU,911,a1E1l0000005Gxy,Attempted to Escalate,TRUE,No Response,,,4,4
,0,,2,TRUE,,,Support,5731U000000h51d,,TRUE,111,FALSE,FALSE,No Agents Available,By Design,Unsuccessful,a1E1l0000005GxtEAE,89b41413-2425-45b6-94f6-9f661f83f843,5701l0000004SoEAAU,910,a1E1l0000005Gxt,Attempted to Escalate,TRUE,No Response,,,4,4
Other,0,,2,TRUE,,,Home,5731U000000h51d,Abandoned,TRUE,73,FALSE,FALSE,,,,a1E1l0000005GxoEAE,651bc0cc-b2c7-4125-ae15-3fd528af9e89,5701l0000004So9AAE,909,a1E1l0000005Gxo,Case Deflection,FALSE,No Response,,,4,4
,0,,2,FALSE,,,Contact Us,5731U000000h51d,Self-Served,TRUE,24,FALSE,FALSE,,,,a1E1l0000005GxjEAE,d55dbcad-a475-4751-9d9c-92f22f946936,5701l0000004So4AAE,908,a1E1l0000005Gxj,Case Deflection,TRUE,No Response,,,3,3
,0,,2,TRUE,,,Support,5731U000000h51d,,TRUE,129,FALSE,FALSE,No Agents Available,By Design,Unsuccessful,a1E1l0000005GxeEAE,c544f9cd-aaca-4cdc-b149-c0ad804a8146,5701l0000004SnzAAE,907,a1E1l0000005Gxe,Attempted to Escalate,TRUE,No Response,,,3,5
,0,,7,FALSE,,,Home,5731U000000h51d,Self-Served,TRUE,317,FALSE,FALSE,,,,a1E1l0000005GxZEAU,41986b8e-95ed-4efa-825a-776854b5d2f7,5701l0000004SnuAAE,906,a1E1l0000005GxZ,Case Deflection,TRUE,No Response,,,3,3
Other,0,,5,FALSE,,,Contact Us,5731U000000h51d,Abandoned,TRUE,352,FALSE,FALSE,,,,a1E1l0000005GC4EAM,54162031-7dbc-4871-8e9a-45057b7ec352,5701l0000004SlZAAU,905,a1E1l0000005GC4,Case Deflection,FALSE,No Response,,,3,4
Other,0,,7,FALSE,,,Support,5731U000000h51d,Abandoned,TRUE,454,FALSE,FALSE,,,,a1E1l0000005Fg8EAE,f4f4044a-020a-4543-85ed-01b2168fc001,5701l0000004Sl5AAE,904,a1E1l0000005Fg8,Case Deflection,FALSE,No Response,,,3,3
Other,0,,3,FALSE,,,Home,5731U000000h51d,Abandoned,TRUE,183,FALSE,FALSE,,,,a1E1l0000005BxtEAE,998ca520-6593-41b8-a8ff-23083786fc9f,5701l0000004ShSAAU,903,a1E1l0000005Bxt,Case Deflection,FALSE,No Response,,0031l000002UlBgAAK,3,5
Other,0,,3,FALSE,,,Contact Us,5731U000000h51d,Abandoned,TRUE,20,FALSE,FALSE,,,,a1E1l0000005BtpEAE,493ddf72-040a-4c4d-9c41-f345c5a95825,5701l0000004SfRAAU,902,a1E1l0000005Btp,Case Deflection,FALSE,No Response,,0031l000002UlBgAAK,3,6
,89,41,2,FALSE,,,Support,5731U000000h51d,,TRUE,20,TRUE,TRUE,Successful,Not By Design,Successful,a1E1l0000005BtkEAE,e667735f-bf8f-46b0-b595-92fd4d0ae675,5701l0000004SfCAAU,901,a1E1l0000005Btk,Attempted to Escalate,FALSE,No Response,33,0031l000002UlBgAAK,3,3
,70,8,5,FALSE,,,Home,5731U000000h51d,,TRUE,72,TRUE,TRUE,Successful,Not By Design,Successful,a1E1l0000005BtfEAE,cee0b3af-a816-46aa-8d9d-88fa0f13f4d2,5701l0000004Sf7AAE,900,a1E1l0000005Btf,Attempted to Escalate,FALSE,No Response,34,0031l000002UlBgAAK,2,2
,88,48,2,FALSE,,,Contact Us,5731U000000h51d,,TRUE,12,TRUE,TRUE,Successful,Not By Design,Successful,a1E1l0000005BtaEAE,bbc675db-ff2e-4b7a-a5d1-15ea54f45975,5701l0000004SeiAAE,899,a1E1l0000005Bta,Attempted to Escalate,FALSE,No Response,19,0031l000002UlBgAAK,2,2
,94,107,1,FALSE,,,Support,5731U000000h51d,,TRUE,13,TRUE,TRUE,Successful,Not By Design,Successful,a1E1l0000005BtVEAU,20deb7de-9241-4cf1-8ac4-deca64d72794,5701l0000004SedAAE,898,a1E1l0000005BtV,Attempted to Escalate,FALSE,No Response,0,0031l000002UlBgAAK,2,2
Other,0,,2,FALSE,,,Home,5731U000000h51d,Abandoned,TRUE,13,FALSE,FALSE,,,,a1E1l0000005BtQEAU,42d22670-31b8-4ba0-a7da-00080ed1366a,5701l0000004SeYAAU,897,a1E1l0000005BtQ,Case Deflection,FALSE,No Response,,0031l000002UlBgAAK,2,2
,24,,2,TRUE,5001l000001Gi24AAC,,Contact Us,5731U000000h51d,,TRUE,45,TRUE,FALSE,Missed Chat,By Design,Unsuccessful,a1E1l0000005BtLEAU,1d6a12ed-c08b-46a5-bf54-1062130d7907,5701l0000004SeOAAU,896,a1E1l0000005BtL,Attempted to Escalate,TRUE,No Response,0,0031l000002UlBgAAK,2,2
,8,,4,TRUE,5001l000001HlCoAAK,,Support,5731U000000h51d,,TRUE,36,TRUE,FALSE,Missed Chat,By Design,Unsuccessful,a1E1l0000005BtGEAU,ae0d1242-1d66-4c84-b5f5-4e335ee75973,5701l0000004SeJAAU,895,a1E1l0000005BtG,Attempted to Escalate,TRUE,No Response,0,0031l000002UlBgAAK,2,2
,50,23,2,TRUE,5001l000001HlCoAAK,,My Cases,5731U000000h51d,,TRUE,56,TRUE,TRUE,Successful,By Design,Successful,a1E1l0000005BtBEAU,70f5b568-40a9-41b5-b12d-d1955c51e78b,5701l0000004Se9AAE,894,a1E1l0000005BtB,Attempted to Escalate,TRUE,No,5,0031l000002UlBgAAK,2,2
,111,4,1,TRUE,5001l000001HlAKAA0,,My Cases,5731U000000h51d,,TRUE,28,TRUE,TRUE,Successful,By Design,Successful,a1E1l0000005Bt6EAE,8eb9041b-7e42-4e9a-8784-ad7416e1a3e2,5701l0000004Se4AAE,893,a1E1l0000005Bt6,Attempted to Escalate,TRUE,No Response,5,0031l000002UlBgAAK,2,2
,241,14,2,FALSE,,,My Cases,5731U000000h51d,,TRUE,69,TRUE,TRUE,Successful,Not By Design,Successful,a1E1l0000005Bt1EAE,a0a33a80-39c9-4448-8c26-2e8da45932d3,5701l0000004SdzAAE,892,a1E1l0000005Bt1,Attempted to Escalate,FALSE,No Response,7,0031l000002UlBgAAK,2,2
,198,25,2,TRUE,,,My Cases,5731U000000h51d,,TRUE,12,TRUE,TRUE,Successful,By Design,Successful,a1E1l0000005BswEAE,3101b4a2-7de6-44c6-aa39-1feb7e3f4cb7,5701l0000004SdpAAE,891,a1E1l0000005Bsw,Attempted to Escalate,TRUE,No Response,33,,2,2
,84,22,2,FALSE,5001l000001Gi6VAAS,,My Cases,5731U000000h51d,,TRUE,47,TRUE,TRUE,Successful,Not By Design,Successful,a1E1l0000005BsrEAE,23ae93a2-91e2-4668-aba2-cd159e99fb10,5701l0000004SdkAAE,890,a1E1l0000005Bsr,Attempted to Escalate,FALSE,No Response,0,0031l000002UlBgAAK,2,2
,63,4,1,TRUE,5001l000001An8AAAS,,My Cases,5731U000000h51d,,TRUE,33,TRUE,TRUE,Successful,By Design,Successful,a1E1l0000005BsmEAE,5d28bcb8-c577-4300-bdbb-20845e5d7b6a,5701l0000004SdfAAE,889,a1E1l0000005Bsm,Attempted to Escalate,TRUE,No,24,0031l000002UlBgAAK,2,4
,116,7,5,FALSE,5001l000001An6YAAS,,My Cases,5731U000000h51d,,TRUE,37,TRUE,TRUE,Successful,Not By Design,Successful,a1E1l0000005BshEAE,e5408bb3-9ebc-4fc5-8e66-ad686d7d6215,5701l0000004SdaAAE,888,a1E1l0000005Bsh,Attempted to Escalate,FALSE,No Response,1,0031l000002UlBgAAK,2,2
Other,0,,8,FALSE,,,My Cases,5731U000000h51d,Abandoned,TRUE,287,FALSE,FALSE,,,,a1E1l0000005BscEAE,3b088e27-d083-4a02-bdb6-bac9f08c9a89,5701l0000004SccAAE,887,a1E1l0000005Bsc,Case Deflection,FALSE,No Response,,0031l000002UlBgAAK,2,2
,0,,1,TRUE,,,My Cases,5731U000000h51d,,TRUE,310,FALSE,FALSE,No Agents Available,By Design,Unsuccessful,a1E1l0000005B4eEAE,03259025-9a18-4d38-8f60-9d4e547f9f88,5701l0000004SXXAA2,886,a1E1l0000005B4e,Attempted to Escalate,TRUE,No Response,,,2,4
,0,,3,FALSE,,,My Cases,5731U000000h51d,Self-Served,TRUE,157,FALSE,FALSE,,,,a1E1l0000005B4ZEAU,d00456b1-698a-43cc-ac90-a0e6a90863dd,5701l0000004SXSAA2,885,a1E1l0000005B4Z,Case Deflection,TRUE,No Response,,,2,4
,0,,3,TRUE,,,My Cases,5731U000000h51d,Self-Served,TRUE,53,FALSE,FALSE,,,,a1E1l0000005B4KEAU,39fa7371-a452-4477-b8f4-cea77603c536,5701l0000004SXIAA2,884,a1E1l0000005B4K,Case Deflection,TRUE,No Response,,0031l000002UlBgAAK,2,4
Other,0,,,FALSE,,,My Cases,5731U000000h51d,Abandoned,FALSE,,FALSE,FALSE,,,,a1E1l0000005B3vEAE,abc,,,a1E1l0000005B3v,Case Deflection,FALSE,,,,2,3
Other,0,,1,FALSE,,,My Cases,5731U000000h51d,Abandoned,TRUE,190,FALSE,FALSE,,,,a1E1l0000005AvXEAU,3cd296ed-4144-4b44-b641-63cd1791f411,5701l0000004SWeAAM,882,a1E1l0000005AvX,Case Deflection,FALSE,No Response,,,2,2
Other,0,,1,FALSE,,,My Cases,5731U000000h51d,Abandoned,TRUE,18,FALSE,FALSE,,,,a1E1l0000005AvSEAU,3fdc583c-7c91-495b-8de1-e1b92d21b3f5,5701l0000004SWZAA2,881,a1E1l0000005AvS,Case Deflection,FALSE,No Response,,,2,2
Other,0,,2,FALSE,,,My Cases,5731U000000h51d,Abandoned,TRUE,49,FALSE,FALSE,,,,a1E1l0000005AvNEAU,7ffc534d-1989-4c41-8929-07898fcc281b,5701l0000004SWUAA2,880,a1E1l0000005AvN,Case Deflection,FALSE,No Response,,,2,2
,0,,1,TRUE,,,My Cases,5731U000000qw2s,,TRUE,181,FALSE,FALSE,No Agents Available,By Design,Unsuccessful,a1E1l0000005AvIEAU,e08a1810-657c-47bf-ae4f-f69012c1653f,5701l0000004SWPAA2,879,a1E1l0000005AvI,Attempted to Escalate,TRUE,No Response,,,2,2
,0,,2,TRUE,,,Home,5731U000000qw2s,,TRUE,59,FALSE,FALSE,No Agents Available,By Design,Unsuccessful,a1E1l0000005AvDEAU,9b57c087-e6b3-4b32-adae-809a95368745,5701l0000004SWKAA2,878,a1E1l0000005AvD,Attempted to Escalate,TRUE,No Response,,,2,7
,0,,2,TRUE,,,Contact Us,5731U000000qw2s,,TRUE,298,FALSE,FALSE,No Agents Available,By Design,Unsuccessful,a1E1l0000005Av8EAE,91d15761-c4dd-4daa-9a10-e159e4218606,5701l0000004SWFAA2,877,a1E1l0000005Av8,Attempted to Escalate,TRUE,No Response,,,2,2
,0,,1,TRUE,,,Support,5731U000000qw2s,,TRUE,146,FALSE,FALSE,No Agents Available,By Design,Unsuccessful,a1E1l0000005Av3EAE,1d0b65cc-9d29-48db-b23f-2fc5980951ee,5701l0000004SWAAA2,876,a1E1l0000005Av3,Attempted to Escalate,TRUE,No Response,,,2,2
,0,,2,FALSE,,,My Cases,5731U000000qw2s,Self-Served,TRUE,42,FALSE,FALSE,,,,a1E1l0000005AuyEAE,11921193-5733-45f0-9707-7388b73b6607,5701l0000004SW5AAM,875,a1E1l0000005Auy,Case Deflection,TRUE,No Response,,,2,2
,0,,3,TRUE,,,My Cases,5731U000000qw2s,,TRUE,131,FALSE,FALSE,No Agents Available,By Design,Unsuccessful,a1E1l0000005AutEAE,d03c180d-7f54-46ec-b5df-345b0c596eea,5701l0000004SW0AAM,874,a1E1l0000005Aut,Attempted to Escalate,TRUE,No Response,,,2,2
,0,,3,TRUE,,,My Cases,5731U000000qw2s,,TRUE,100,FALSE,FALSE,No Agents Available,By Design,Unsuccessful,a1E1l0000005AuoEAE,4a34c5d4-c72a-4ad5-808e-5d00e79682ff,5701l0000004SVvAAM,873,a1E1l0000005Auo,Attempted to Escalate,TRUE,No Response,,,2,2
,0,,5,TRUE,,,Home,5731U000000qw2s,,TRUE,104,FALSE,FALSE,No Agents Available,By Design,Unsuccessful,a1E1l0000005AujEAE,3dec5993-21e1-497f-aac5-cad009458c5d,5701l0000004SVqAAM,872,a1E1l0000005Auj,Attempted to Escalate,TRUE,No Response,,,2,3
Other,0,,,FALSE,,,Contact Us,5731U000000qw2s,Abandoned,TRUE,1,FALSE,FALSE,,,,a1E1l0000005AtREAU,f0945688-d9ba-458c-96ca-c39dc9b32bd0,5701l0000004SUEAA2,871,a1E1l0000005AtR,Case Deflection,FALSE,No Response,,,2,2
Other,0,,2,FALSE,,,Support,5731U000000qw2s,Abandoned,TRUE,532,FALSE,FALSE,,,,a1E1l0000005AsEEAU,aa2f5e23-31be-433b-b455-496fdae8c0f0,5701l0000004STuAAM,870,a1E1l0000005AsE,Case Deflection,FALSE,No Response,,,2,3
Other,0,,2,FALSE,,,My Cases,5731U000000qw2s,Abandoned,TRUE,284,FALSE,FALSE,,,,a1E1l0000005As9EAE,7add94cf-e4a5-4bd5-98be-9834e24934c9,5701l0000004STpAAM,869,a1E1l0000005As9,Case Deflection,FALSE,No Response,,,2,2
Other,0,,3,FALSE,,,My Cases,5731U000000qw2s,Abandoned,TRUE,55,FALSE,FALSE,,,,a1E1l0000005As4EAE,566e376d-1a33-4a83-8753-13245e55a729,5701l0000004STkAAM,868,a1E1l0000005As4,Case Deflection,FALSE,No Response,,,2,2
,0,,2,TRUE,,,My Cases,5731U000000qw2s,,TRUE,139,FALSE,FALSE,No Agents Available,By Design,Unsuccessful,a1E1l0000005ArfEAE,e2d63897-989e-48ca-b2fe-113a0956db57,5701l0000004STBAA2,867,a1E1l0000005Arf,Attempted to Escalate,TRUE,No Response,,,2,4
Other,0,,1,FALSE,,,Home,5731U000000qw2s,Abandoned,TRUE,168,FALSE,FALSE,,,,a1E1l0000005AraEAE,9a08a55d-f8ee-45b1-bce4-d10a6923e4f0,5701l0000004ST6AAM,866,a1E1l0000005Ara,Case Deflection,FALSE,No Response,,,2,3
,0,,2,TRUE,,,Contact Us,5731U000000qw2s,,TRUE,75,FALSE,FALSE,No Agents Available,By Design,Unsuccessful,a1E1l0000005ArVEAU,02deb478-5a28-470a-9b3d-5fc5f4a68285,5701l0000004ST1AAM,865,a1E1l0000005ArV,Attempted to Escalate,TRUE,No Response,,,2,2
Other,0,,,FALSE,,,Support,5731U000000qw2s,Abandoned,TRUE,1,FALSE,FALSE,,,,a1E1l0000005ArBEAU,cd5410e2-f5a3-4cef-a0a9-e5cfca64c871,5701l0000004SSmAAM,863,a1E1l0000005ArB,Case Deflection,FALSE,No Response,,0031l000002UlBgAAK,2,3
Other,0,,,FALSE,,,My Cases,5731U000000qw2s,Abandoned,TRUE,1,FALSE,FALSE,,,,a1E1l0000005Ar6EAE,4218375c-5324-4501-a188-5a782ce7a2b1,5701l0000004SSrAAM,864,a1E1l0000005Ar6,Case Deflection,FALSE,No Response,,,2,2
,0,,2,TRUE,,,My Cases,5731U000000qw2s,,TRUE,316,FALSE,FALSE,No Agents Available,By Design,Unsuccessful,a1E1l0000005AqrEAE,faa30ec4-6f77-4a56-937d-906ce8e63dd1,5701l0000004SShAAM,862,a1E1l0000005Aqr,Attempted to Escalate,TRUE,No Response,,,2,2
,0,,1,FALSE,,,My Cases,5731U000000qw2s,,TRUE,52,FALSE,FALSE,No Agents Available,Not By Design,Unsuccessful,a1E1l0000005AqmEAE,539f62bc-9e39-4830-afb5-9f796b573889,5701l0000004SScAAM,861,a1E1l0000005Aqm,Attempted to Escalate,TRUE,No Response,,,2,2
,0,,1,TRUE,,,Home,5731U000000qw2s,,TRUE,46,FALSE,FALSE,No Agents Available,By Design,Unsuccessful,a1E1l0000005AqhEAE,1de954cb-ce50-45b6-9211-8fb0264f26c8,5701l0000004SSXAA2,860,a1E1l0000005Aqh,Attempted to Escalate,TRUE,No Response,,,2,2
,0,,2,TRUE,,,Contact Us,5731U000000qw2s,,TRUE,282,FALSE,FALSE,No Agents Available,By Design,Unsuccessful,a1E1l0000005AqcEAE,8e482cc8-4bf8-41e6-91a1-0b4df472eb4a,5701l0000004SSSAA2,859,a1E1l0000005Aqc,Attempted to Escalate,TRUE,No Response,,,2,2
Other,0,,1,FALSE,,,Support,5731U000000qw2s,Abandoned,TRUE,447,FALSE,FALSE,,,,a1E1l0000005AqDEAU,11dadd9e-8479-4095-8792-d325aa0da1a8,5701l0000004SSNAA2,858,a1E1l0000005AqD,Case Deflection,FALSE,No Response,,0031l000002UlBgAAK,2,3
,0,,1,TRUE,,,My Cases,5731U000000qw2s,,TRUE,222,FALSE,FALSE,No Agents Available,By Design,Unsuccessful,a1E1l0000005Aq3EAE,db2ebe83-3404-434a-927a-68239eb7dca7,5701l0000004SSDAA2,857,a1E1l0000005Aq3,Attempted to Escalate,TRUE,No Response,,,2,3
,0,,2,TRUE,,,My Cases,5731U000000qw2s,,TRUE,108,FALSE,FALSE,No Agents Available,By Design,Unsuccessful,a1E1l0000005AptEAE,f6e4c9e6-956f-46c2-838e-84bcac0c9b7a,5701l0000004SS8AAM,856,a1E1l0000005Apt,Attempted to Escalate,TRUE,No Response,,,2,3
,0,,2,TRUE,,,My Cases,5731U000000qw2s,,TRUE,425,FALSE,FALSE,No Agents Available,By Design,Unsuccessful,a1E1l0000005ApoEAE,bebb40d5-7d6b-4611-bbc5-446e568daa78,5701l0000004SS3AAM,855,a1E1l0000005Apo,Attempted to Escalate,TRUE,No Response,,,2,2
,0,,3,TRUE,,,Home,5731U000000qw2s,,TRUE,386,FALSE,FALSE,No Agents Available,By Design,Unsuccessful,a1E1l0000005ApPEAU,e11cf05a-d698-4fcf-af94-85997fd611be,5701l0000004SRjAAM,854,a1E1l0000005ApP,Attempted to Escalate,TRUE,No Response,,,2,3
,0,,2,TRUE,5001l000001HCBiAAO,,Contact Us,5731U000000qw2s,Self-Served,TRUE,21,FALSE,FALSE,,,,a1E1l0000005ApFEAU,0c17a7bd-e720-41c7-90e3-ad731fac1942,5701l0000004SRPAA2,853,a1E1l0000005ApF,Case Deflection,TRUE,Yes,,0031l000002UlBgAAK,2,3
,0,,2,TRUE,,,Support,5731U000000qw2s,,TRUE,161,FALSE,FALSE,No Agents Available,By Design,Unsuccessful,a1E1l0000005Ap5EAE,97b75d26-ae36-46ce-8d44-958608a5bb9a,5701l0000004SRFAA2,851,a1E1l0000005Ap5,Attempted to Escalate,TRUE,No Response,,,2,3
,0,,2,TRUE,5001l000001HC4wAAG,,My Cases,5731U000000qw2s,Self-Served,TRUE,91,FALSE,FALSE,,,,a1E1l0000005Ap0EAE,02997096-4f7d-45de-9928-e5039864b552,5701l0000004SRAAA2,850,a1E1l0000005Ap0,Case Deflection,TRUE,Yes,,0031l000002UlBgAAK,2,3
,0,,5,TRUE,,,My Cases,5731U000000qw2s,Self-Served,TRUE,96,FALSE,FALSE,,,,a1E1l0000005AovEAE,3950f657-b0dd-4260-8592-c13eda6143a4,5701l0000004SR5AAM,849,a1E1l0000005Aov,Case Deflection,TRUE,No Response,,0031l000002UlBgAAK,2,2
,0,,4,TRUE,,,My Cases,5731U000000qw2s,,TRUE,197,FALSE,FALSE,No Agents Available,By Design,Unsuccessful,a1E1l0000005AoWEAU,51bf0189-0823-47b4-a183-52f5d62e44ca,5701l0000004SQHAA2,848,a1E1l0000005AoW,Attempted to Escalate,TRUE,No Response,,,2,2
Other,0,,,FALSE,,,My Cases,5731U000000qw2s,Abandoned,TRUE,2,FALSE,FALSE,,,,a1E1l0000005ADLEA2,e1b6026f-58cc-4c87-970e-95623ed72dbf,5701l0000004SLRAA2,847,a1E1l0000005ADL,Case Deflection,FALSE,No Response,,,2,4
Other,0,,1,FALSE,,,My Cases,5731U000000qw2s,Abandoned,TRUE,329,FALSE,FALSE,,,,a1E1l00000059uOEAQ,10b202e1-76c2-4a15-8863-831bbcaf9137,5701l0000004SFTAA2,846,a1E1l00000059uO,Case Deflection,FALSE,No Response,,,2,2
,0,,2,TRUE,,,My Cases,5731U000000qw2s,,TRUE,28,FALSE,FALSE,No Agents Available,By Design,Unsuccessful,a1E1l00000059uJEAQ,03febc3d-4cec-4759-98e9-2d697f355a2c,5701l0000004SFOAA2,845,a1E1l00000059uJ,Attempted to Escalate,TRUE,No Response,,,2,2
,0,,1,TRUE,,,Home,5731U000000qw2s,,TRUE,33,FALSE,FALSE,No Agents Available,By Design,Unsuccessful,a1E1l00000059u6EAA,66aef0b7-0fab-4188-a988-861a58111450,5701l0000004SFJAA2,844,a1E1l00000059u6,Attempted to Escalate,TRUE,No Response,,,2,2
,0,,1,TRUE,,,Contact Us,5731U000000qw2s,,TRUE,21,FALSE,FALSE,No Agents Available,By Design,Unsuccessful,a1E1l00000059u5EAA,52c933d1-acba-4b0b-8746-5584bb72f890,5701l0000004SFEAA2,843,a1E1l00000059u5,Attempted to Escalate,TRUE,No Response,,,2,2
,0,,1,TRUE,,,Support,5731U000000qw2s,,TRUE,37,FALSE,FALSE,No Agents Available,By Design,Unsuccessful,a1E1l00000059uEEAQ,afc24b6a-825e-4f94-8167-687ce26c6c52,5701l0000004SF9AAM,842,a1E1l00000059uE,Attempted to Escalate,TRUE,No Response,,,2,2
,0,,1,TRUE,,,My Cases,5731U000000qw2s,,TRUE,12,FALSE,FALSE,No Agents Available,By Design,Unsuccessful,a1E1l00000059u4EAA,fee4d1cd-1b2e-4e63-a90d-4380d676e80a,5701l0000004SF4AAM,841,a1E1l00000059u4,Attempted to Escalate,TRUE,No Response,,,2,2
,0,,1,TRUE,,,My Cases,5731U000000qw2s,,TRUE,55,FALSE,FALSE,No Agents Available,By Design,Unsuccessful,a1E1l00000059tzEAA,187b10eb-ebef-4a00-be87-4bfc8f523802,5701l0000004SEzAAM,840,a1E1l00000059tz,Attempted to Escalate,TRUE,No Response,,,2,2
Other,0,,2,FALSE,,,My Cases,5731U000000qw2s,Abandoned,TRUE,27,FALSE,FALSE,,,,a1E1l00000059tuEAA,f17d40af-fb5a-4fc1-abc7-b3d41277d006,5701l0000004SEuAAM,839,a1E1l00000059tu,Case Deflection,FALSE,No Response,,,2,2
Other,0,,1,FALSE,,,Home,5731U00000012ds,Abandoned,TRUE,37,FALSE,FALSE,,,,a1E1l00000059tpEAA,4602bafe-627a-46c4-9e5d-f97677052e5c,5701l0000004SEpAAM,838,a1E1l00000059tp,Case Deflection,FALSE,No Response,,,2,2
Other,0,,2,FALSE,,,Contact Us,5731U00000012ds,Abandoned,TRUE,43,FALSE,FALSE,,,,a1E1l00000059tkEAA,61f2385d-91a9-4513-9e88-a25fd6d3d3eb,5701l0000004SEkAAM,837,a1E1l00000059tk,Case Deflection,FALSE,No Response,,,2,2
,0,,1,TRUE,,,Support,5731U00000012ds,,TRUE,38,FALSE,FALSE,No Agents Available,By Design,Unsuccessful,a1E1l00000059tfEAA,d5e59933-0a99-4d38-8ac5-f7f1f180a049,5701l0000004SEfAAM,836,a1E1l00000059tf,Attempted to Escalate,TRUE,No Response,,,2,2
,0,,1,TRUE,,,My Cases,5731U00000012ds,,TRUE,11,FALSE,FALSE,No Agents Available,By Design,Unsuccessful,a1E1l00000059taEAA,38fec9e4-921d-4c4e-871c-17cc7fb16b2f,5701l0000004SEaAAM,835,a1E1l00000059ta,Attempted to Escalate,TRUE,No Response,,,2,2
,0,,1,TRUE,,,My Cases,5731U00000012ds,,TRUE,26,FALSE,FALSE,No Agents Available,By Design,Unsuccessful,a1E1l00000059tQEAQ,fa0abeae-f4ce-476d-a1e7-3fb3dc992c0c,5701l0000004SEVAA2,834,a1E1l00000059tQ,Attempted to Escalate,TRUE,No Response,,,2,2
,0,,1,TRUE,,,My Cases,5731U00000012ds,,TRUE,34,FALSE,FALSE,No Agents Available,By Design,Unsuccessful,a1E1l00000059tLEAQ,f8908784-69f0-4e16-aa0f-028c499088cf,5701l0000004SEQAA2,833,a1E1l00000059tL,Attempted to Escalate,TRUE,No Response,,,1,3
,0,,2,TRUE,,,Home,5731U00000012ds,,TRUE,47,FALSE,FALSE,No Agents Available,By Design,Unsuccessful,a1E1l00000059tBEAQ,7a43fd43-939f-4f9c-94bb-dd6370d4114b,5701l0000004SELAA2,832,a1E1l00000059tB,Attempted to Escalate,TRUE,No Response,,,1,1
,0,,2,TRUE,,,Contact Us,5731U00000012ds,,TRUE,16,FALSE,FALSE,No Agents Available,By Design,Unsuccessful,a1E1l00000059t6EAA,d7186a54-b995-459a-b67b-79bf4cdffd22,5701l0000004SEGAA2,831,a1E1l00000059t6,Attempted to Escalate,TRUE,No Response,,,1,4
,0,,2,TRUE,,,Support,5731U00000012ds,,TRUE,25,FALSE,FALSE,No Agents Available,By Design,Unsuccessful,a1E1l00000059t1EAA,b1571d8c-7f69-4589-b3e0-8fc45dab5320,5701l0000004SEBAA2,830,a1E1l00000059t1,Attempted to Escalate,TRUE,No Response,,,1,1
Other,0,,2,FALSE,,,My Cases,5731U00000012ds,Abandoned,TRUE,67,FALSE,FALSE,,,,a1E1l00000059swEAA,2feb8a78-955f-405d-8722-06302d44a92e,5701l0000004SE6AAM,829,a1E1l00000059sw,Case Deflection,FALSE,No Response,,,1,3
,0,,1,TRUE,,,My Cases,5731U00000012ds,,TRUE,47,FALSE,FALSE,No Agents Available,By Design,Unsuccessful,a1E1l00000059srEAA,69a3ea18-2be1-4ff0-9fc1-67a539708d87,5701l0000004SE1AAM,828,a1E1l00000059sr,Attempted to Escalate,TRUE,No Response,,,1,1
,0,,1,TRUE,,,My Cases,5731U00000012ds,,TRUE,47,FALSE,FALSE,No Agents Available,By Design,Unsuccessful,a1E1l00000059smEAA,d1645179-84d2-4c73-85e1-9d1ebcd91c30,5701l0000004SDwAAM,827,a1E1l00000059sm,Attempted to Escalate,TRUE,No Response,,,1,1
,0,,2,TRUE,,,My Cases,5731U00000012ds,,TRUE,54,FALSE,FALSE,No Agents Available,By Design,Unsuccessful,a1E1l00000059shEAA,018333c4-8f4d-4f1d-abcb-14e8d6b0da77,5701l0000004SDrAAM,826,a1E1l00000059sh,Attempted to Escalate,TRUE,No Response,,,1,1
,0,,1,TRUE,,,My Cases,5731U00000012ds,,TRUE,172,FALSE,FALSE,No Agents Available,By Design,Unsuccessful,a1E1l00000059scEAA,d7e1de61-4f0c-42a3-ae5e-6b7ba13ec3c6,5701l0000004SDmAAM,825,a1E1l00000059sc,Attempted to Escalate,TRUE,No Response,,,1,1
,0,,1,TRUE,,,My Cases,5731U00000012ds,,TRUE,106,FALSE,FALSE,No Agents Available,By Design,Unsuccessful,a1E1l00000059sXEAQ,4299a3a2-db00-47cc-a7b1-9ceea7d66065,5701l0000004SDhAAM,824,a1E1l00000059sX,Attempted to Escalate,TRUE,No Response,,,1,1
,0,,2,TRUE,,,Home,5731U00000012ds,,TRUE,15,FALSE,FALSE,No Agents Available,By Design,Unsuccessful,a1E1l00000059sSEAQ,4cd7fee9-2973-464c-bf25-a807995e46b5,5701l0000004SDcAAM,823,a1E1l00000059sS,Attempted to Escalate,TRUE,No Response,,,1,1
,0,,1,TRUE,,,Contact Us,5731U00000012ds,,TRUE,42,FALSE,FALSE,No Agents Available,By Design,Unsuccessful,a1E1l00000059sIEAQ,e1b26a69-1f8f-42b7-b136-cc8407f4eb4d,5701l0000004SDXAA2,822,a1E1l00000059sI,Attempted to Escalate,TRUE,No Response,,,1,1
,0,,2,TRUE,,,Support,5731U00000012ds,,TRUE,49,FALSE,FALSE,No Agents Available,By Design,Unsuccessful,a1E1l00000059s8EAA,81a9918a-92d6-433c-8378-a680b68568c7,5701l0000004SDSAA2,821,a1E1l00000059s8,Attempted to Escalate,TRUE,No Response,,,1,1
,0,,2,TRUE,,,My Cases,5731U00000012ds,,TRUE,78,FALSE,FALSE,No Agents Available,By Design,Unsuccessful,a1E1l00000059s3EAA,6ab087df-fd43-4eef-be41-2f179f5c2d2b,5701l0000004SDNAA2,820,a1E1l00000059s3,Attempted to Escalate,TRUE,No Response,,,1,1
,0,,2,TRUE,,,My Cases,5731U00000012ds,,TRUE,51,FALSE,FALSE,No Agents Available,By Design,Unsuccessful,a1E1l00000059ryEAA,52eb2912-d9d9-4175-a5ec-021a46299c24,5701l0000004SDIAA2,819,a1E1l00000059ry,Attempted to Escalate,TRUE,No Response,,,1,1
,0,,1,TRUE,,,My Cases,5731U00000012ds,,TRUE,380,FALSE,FALSE,No Agents Available,By Design,Unsuccessful,a1E1l00000059roEAA,d25c5a78-97e4-4079-b67f-5f4b5354d8d5,5701l0000004SDDAA2,818,a1E1l00000059ro,Attempted to Escalate,TRUE,No Response,,,1,1
,0,,1,TRUE,,,Home,5731U00000012ds,,TRUE,32,FALSE,FALSE,No Agents Available,By Design,Unsuccessful,a1E1l00000059rjEAA,fcfe3b2b-9dd7-4b5d-90e9-8c47fc41e53a,5701l0000004SD8AAM,817,a1E1l00000059rj,Attempted to Escalate,TRUE,No Response,,,1,1
Other,0,,1,FALSE,,,Contact Us,5731U00000012ds,Abandoned,TRUE,36,FALSE,FALSE,,,,a1E1l00000059reEAA,3a83116e-03e0-4291-b8fb-97fcfaa92aa9,5701l0000004SD3AAM,816,a1E1l00000059re,Case Deflection,FALSE,No Response,,,1,1
Other,0,,1,FALSE,,,Support,5731U00000012ds,Abandoned,TRUE,154,FALSE,FALSE,,,,a1E1l00000059rZEAQ,2755d59b-b599-4423-8b28-1463b15a4bac,5701l0000004SCyAAM,815,a1E1l00000059rZ,Case Deflection,FALSE,No Response,,,1,1
,0,,1,TRUE,,,My Cases,5731U00000012ds,,TRUE,108,FALSE,FALSE,No Agents Available,By Design,Unsuccessful,a1E1l00000059rUEAQ,aef4d75d-3fd8-409f-a423-8509c555819f,5701l0000004SCtAAM,814,a1E1l00000059rU,Attempted to Escalate,TRUE,No Response,,,1,1
,0,,1,TRUE,,,My Cases,5731U00000012ds,,TRUE,45,FALSE,FALSE,No Agents Available,By Design,Unsuccessful,a1E1l00000059rPEAQ,27a80124-b085-4a9b-8e5d-dac2783588d3,5701l0000004SCoAAM,813,a1E1l00000059rP,Attempted to Escalate,TRUE,No Response,,,1,1
,0,,1,TRUE,,,My Cases,5731U00000012ds,,TRUE,19,FALSE,FALSE,No Agents Available,By Design,Unsuccessful,a1E1l00000059rKEAQ,014813a9-ad5d-439d-b704-673c78fc2b08,5701l0000004SCjAAM,812,a1E1l00000059rK,Attempted to Escalate,TRUE,No Response,,,1,1
,0,,1,TRUE,,,Home,5731U00000012ds,,TRUE,21,FALSE,FALSE,No Agents Available,By Design,Unsuccessful,a1E1l00000059rFEAQ,53f584c7-3be4-402f-bd7f-2ba7c306c555,5701l0000004SCeAAM,811,a1E1l00000059rF,Attempted to Escalate,TRUE,No Response,,,1,1
,0,,1,TRUE,,,Contact Us,5731U00000012ds,,TRUE,19,FALSE,FALSE,No Agents Available,By Design,Unsuccessful,a1E1l00000059rAEAQ,be17a577-99f2-40d3-b437-1eb9163b8214,5701l0000004SCZAA2,810,a1E1l00000059rA,Attempted to Escalate,TRUE,No Response,,,1,2
,0,,1,TRUE,,,Support,5731U00000012ds,,TRUE,61,FALSE,FALSE,No Agents Available,By Design,Unsuccessful,a1E1l00000059r5EAA,d5c82e46-192e-4a22-94b5-2b00a16f1bf7,5701l0000004SCUAA2,809,a1E1l00000059r5,Attempted to Escalate,TRUE,No Response,,,1,1
,0,,2,TRUE,,,My Cases,5731U00000012ds,,TRUE,36,FALSE,FALSE,No Agents Available,By Design,Unsuccessful,a1E1l00000059r0EAA,5e84f796-0046-480c-8cc7-23a4ee53db64,5701l0000004SCPAA2,808,a1E1l00000059r0,Attempted to Escalate,TRUE,No Response,,,1,2
,0,,2,TRUE,,,My Cases,5731U00000012ds,,TRUE,222,FALSE,FALSE,No Agents Available,By Design,Unsuccessful,a1E1l00000059qvEAA,8887c435-4c17-4f28-9901-9706850e0f74,5701l0000004SCKAA2,807,a1E1l00000059qv,Attempted to Escalate,TRUE,No Response,,,1,2
,0,,2,TRUE,,,My Cases,5731U00000012ds,,TRUE,66,FALSE,FALSE,No Agents Available,By Design,Unsuccessful,a1E1l00000059qlEAA,3481c137-56fe-4bba-b24f-5c26580d8ac9,5701l0000004SCFAA2,806,a1E1l00000059ql,Attempted to Escalate,TRUE,No Response,,,1,1
,0,,2,TRUE,,,My Cases,5731U00000012ds,,TRUE,65,FALSE,FALSE,No Agents Available,By Design,Unsuccessful,a1E1l00000059qgEAA,6cc33f1d-eb78-45a0-9702-c55a51361e71,5701l0000004SCAAA2,805,a1E1l00000059qg,Attempted to Escalate,TRUE,No Response,,,1,1
Other,0,,2,FALSE,,,My Cases,5731U00000012ds,Abandoned,TRUE,75,FALSE,FALSE,,,,a1E1l00000059qcEAA,6e8ff75e-538d-4d90-94cd-01a5a0fc97ce,5701l0000004SC5AAM,804,a1E1l00000059qc,Case Deflection,FALSE,No Response,,,1,1
,0,,2,FALSE,,,My Cases,5731U00000012ds,Self-Served,TRUE,30,FALSE,FALSE,,,,a1E1l00000059qbEAA,d2d7ad11-ef14-4c74-a556-c296f899b980,5701l0000004SC0AAM,803,a1E1l00000059qb,Case Deflection,TRUE,No Response,,,1,1
,0,,1,FALSE,,,Home,5731U00000012ds,Self-Served,TRUE,38,FALSE,FALSE,,,,a1E1l00000059qWEAQ,f87902c0-d89f-481b-9b5b-122519b46bce,5701l0000004SBvAAM,802,a1E1l00000059qW,Case Deflection,TRUE,No Response,,,1,1
,0,,1,FALSE,,,Contact Us,5731U00000012ds,Self-Served,TRUE,53,FALSE,FALSE,,,,a1E1l00000059qREAQ,011b6335-d8dc-4981-9048-18c97b37a96e,5701l0000004SBqAAM,801,a1E1l00000059qR,Case Deflection,TRUE,No Response,,,1,1
,0,,1,TRUE,,,Support,5731U00000012ds,,TRUE,55,FALSE,FALSE,No Agents Available,By Design,Unsuccessful,a1E1l00000059qMEAQ,1aabe3d4-48d2-4430-abec-8d71f7c9fe3b,5701l0000004SBlAAM,800,a1E1l00000059qM,Attempted to Escalate,TRUE,No Response,,,1,1
,0,,2,TRUE,,,My Cases,5731U00000012ds,,TRUE,39,FALSE,FALSE,No Agents Available,By Design,Unsuccessful,a1E1l00000059qHEAQ,3bd4169a-b5c3-4402-aa7c-26d97dc6261f,5701l0000004SBgAAM,799,a1E1l00000059qH,Attempted to Escalate,TRUE,No Response,,,1,1
,0,,2,TRUE,,,My Cases,5731U00000012ds,,TRUE,42,FALSE,FALSE,No Agents Available,By Design,Unsuccessful,a1E1l00000059qCEAQ,4867a13f-f6d3-4b90-87c4-ee1d50f6698f,5701l0000004SBbAAM,798,a1E1l00000059qC,Attempted to Escalate,TRUE,No Response,,,1,1
,0,,1,TRUE,,,My Cases,5731U00000012ds,,TRUE,52,FALSE,FALSE,No Agents Available,By Design,Unsuccessful,a1E1l00000059q7EAA,2e72b55e-094f-4e03-8059-8d621bb62d02,5701l0000004SBWAA2,797,a1E1l00000059q7,Attempted to Escalate,TRUE,No Response,,,1,1
Other,0,,4,FALSE,,,Home,5731U00000012ds,Abandoned,TRUE,543,FALSE,FALSE,,,,a1E1l00000059q2EAA,aa0ef29a-6e18-43a8-b452-625d37344d03,5701l0000004SBRAA2,796,a1E1l00000059q2,Case Deflection,FALSE,No Response,,,1,1
Other,0,,2,FALSE,,,Contact Us,5731U00000012ds,Abandoned,TRUE,391,FALSE,FALSE,,,,a1E1l00000059kiEAA,6ab98a1c-13ef-469e-a969-5284992a521f,5701l0000004SB2AAM,795,a1E1l00000059ki,Case Deflection,FALSE,No Response,,0031l000002UlBgAAK,1,1
Other,0,,2,FALSE,,,Support,5731U00000012ds,Abandoned,TRUE,107,FALSE,FALSE,,,,a1E1l00000059kdEAA,3f80fc68-0b37-41e8-8429-78cbced41d29,5701l0000004SAxAAM,794,a1E1l00000059kd,Case Deflection,FALSE,No Response,,,1,1
,0,,2,TRUE,,,My Cases,5731U00000012ds,,TRUE,344,FALSE,FALSE,No Agents Available,By Design,Unsuccessful,a1E1l00000059kYEAQ,3669bdd3-15d7-4ab9-9e7e-ed06a458bc66,5701l0000004SAsAAM,793,a1E1l00000059kY,Attempted to Escalate,TRUE,No Response,,,1,1
,0,,2,TRUE,,,My Cases,5731U00000012ds,,TRUE,36,FALSE,FALSE,No Agents Available,By Design,Unsuccessful,a1E1l00000059k4EAA,cc3cb147-355f-493e-89fd-53a38e0aa4c7,5701l0000004SAnAAM,792,a1E1l00000059k4,Attempted to Escalate,TRUE,No Response,,,1,1
Other,0,,1,FALSE,,,My Cases,5731U00000012ds,Abandoned,TRUE,18,FALSE,FALSE,,,,a1E1l00000059jzEAA,8155c5f2-dcce-4815-9906-cadd3be07394,5701l0000004SAiAAM,791,a1E1l00000059jz,Case Deflection,FALSE,No Response,,,1,1
Other,0,,2,FALSE,,,Home,5731U00000012ds,Abandoned,TRUE,14,FALSE,FALSE,,,,a1E1l00000059juEAA,19560072-9ee9-4d58-889e-850a84df0f45,5701l0000004SAdAAM,790,a1E1l00000059ju,Case Deflection,FALSE,No Response,,,1,1
Other,0,,2,FALSE,,,Contact Us,5731U00000012ds,Abandoned,TRUE,18,FALSE,FALSE,,,,a1E1l00000059jpEAA,d9985b7a-e847-4c78-afd9-8825a14176bf,5701l0000004SAYAA2,789,a1E1l00000059jp,Case Deflection,FALSE,No Response,,,1,1
,0,,2,TRUE,,,Support,5731U00000012ds,,TRUE,76,FALSE,FALSE,No Agents Available,By Design,Unsuccessful,a1E1l00000059jGEAQ,128d592d-e149-43cb-b7aa-44d1362a1394,5701l0000004SATAA2,788,a1E1l00000059jG,Attempted to Escalate,TRUE,No Response,,,1,1
,0,,1,TRUE,,,My Cases,5731U00000012ds,,TRUE,34,FALSE,FALSE,No Agents Available,By Design,Unsuccessful,a1E1l00000059j7EAA,ba5aabd4-8ffe-4be0-a89e-283977a70c2d,5701l0000004SAOAA2,787,a1E1l00000059j7,Attempted to Escalate,TRUE,No Response,,,1,1
,0,,1,TRUE,,,My Cases,5731U00000012ds,,TRUE,29,FALSE,FALSE,No Agents Available,By Design,Unsuccessful,a1E1l00000059jBEAQ,13b6cdeb-c5b4-4b1f-a116-df0c82a3d3f8,5701l0000004SAJAA2,786,a1E1l00000059jB,Attempted to Escalate,TRUE,No Response,,,1,1
,0,,2,TRUE,,,My Cases,5731U00000012ds,,TRUE,32,FALSE,FALSE,No Agents Available,By Design,Unsuccessful,a1E1l00000059j6EAA,e9c1da93-6c19-42b6-b2e2-f247afd93785,5701l0000004SAEAA2,785,a1E1l00000059j6,Attempted to Escalate,TRUE,No Response,,,1,1
,0,,1,TRUE,,,My Cases,5731U00000012ds,,TRUE,26,FALSE,FALSE,No Agents Available,By Design,Unsuccessful,a1E1l00000059j1EAA,7d27edb2-2f91-4378-b687-8269f4a5faa8,5701l0000004SA9AAM,784,a1E1l00000059j1,Attempted to Escalate,TRUE,No Response,,,1,1
,0,,2,TRUE,,,My Cases,5731U00000012ds,,TRUE,57,FALSE,FALSE,No Agents Available,By Design,Unsuccessful,a1E1l00000059irEAA,209b991a-1a5b-4469-9d5f-4dfc35b3814d,5701l0000004SA4AAM,783,a1E1l00000059ir,Attempted to Escalate,TRUE,No Response,,,1,1
,0,,2,TRUE,,,My Cases,5731U00000012ds,,TRUE,29,FALSE,FALSE,No Agents Available,By Design,Unsuccessful,a1E1l00000059imEAA,244615ad-cb38-40c7-9c49-c0bd135571b8,5701l0000004S9zAAE,782,a1E1l00000059im,Attempted to Escalate,TRUE,No Response,,,1,1
,0,,1,TRUE,,,Home,5731U00000012ds,,TRUE,22,FALSE,FALSE,No Agents Available,By Design,Unsuccessful,a1E1l00000059ihEAA,d2659db3-c5b6-4c4b-8329-5c21f2f9d85a,5701l0000004S9uAAE,781,a1E1l00000059ih,Attempted to Escalate,TRUE,No Response,,,1,1
,0,,1,TRUE,,,Contact Us,5731U00000012ds,,TRUE,49,FALSE,FALSE,No Agents Available,By Design,Unsuccessful,a1E1l00000059icEAA,f6a33abf-c28c-4ef6-9f67-3d9389045e87,5701l0000004S9pAAE,780,a1E1l00000059ic,Attempted to Escalate,TRUE,No Response,,,1,1
,0,,1,TRUE,,,Support,5731U00000012ds,,TRUE,33,FALSE,FALSE,No Agents Available,By Design,Unsuccessful,a1E1l00000059iXEAQ,11d03dee-a68e-4c47-bf92-5f0b6b560f9a,5701l0000004S9kAAE,779,a1E1l00000059iX,Attempted to Escalate,TRUE,No Response,,,1,1
,0,,1,FALSE,,,My Cases,5731U00000012ds,Self-Served,TRUE,32,FALSE,FALSE,,,,a1E1l00000059iSEAQ,dbf4f56e-3499-4603-bc9e-58f0e8bf97f0,5701l0000004S9fAAE,778,a1E1l00000059iS,Case Deflection,TRUE,No Response,,,1,1
,0,,1,TRUE,,,My Cases,5731U00000012ds,,TRUE,27,FALSE,FALSE,No Agents Available,By Design,Unsuccessful,a1E1l00000059iJEAQ,12267fae-2dd9-4c7d-81d2-fae9c458c5ce,5701l0000004S9aAAE,777,a1E1l00000059iJ,Attempted to Escalate,TRUE,No Response,,,1,1
,0,,1,TRUE,,,My Cases,5731U00000012ds,,TRUE,25,FALSE,FALSE,No Agents Available,By Design,Unsuccessful,a1E1l00000059iNEAQ,3ab3248f-7ffc-453d-a74d-6a0d64a6ce27,5701l0000004S9VAAU,776,a1E1l00000059iN,Attempted to Escalate,TRUE,No Response,,,1,1
,0,,2,TRUE,,,Home,5731U00000012ds,,TRUE,30,FALSE,FALSE,No Agents Available,By Design,Unsuccessful,a1E1l00000059iIEAQ,697e7619-d30f-4cc3-b664-81af0dc40b69,5701l0000004S9QAAU,775,a1E1l00000059iI,Attempted to Escalate,TRUE,No Response,,,1,1
,0,,1,TRUE,,,Contact Us,5731U00000012ds,,TRUE,30,FALSE,FALSE,No Agents Available,By Design,Unsuccessful,a1E1l00000059iDEAQ,d4e2af59-b644-4409-a874-7cbfb94e9743,5701l0000004S9LAAU,774,a1E1l00000059iD,Attempted to Escalate,TRUE,No Response,,,1,1
,0,,1,TRUE,,,Support,5731U00000012ds,,TRUE,45,FALSE,FALSE,No Agents Available,By Design,Unsuccessful,a1E1l00000059i8EAA,be94d0d4-0aa3-4f35-811f-bdeb6a65bfb8,5701l0000004S9GAAU,773,a1E1l00000059i8,Attempted to Escalate,TRUE,No Response,,,1,1
,0,,2,TRUE,,,My Cases,5731U00000012ds,,TRUE,32,FALSE,FALSE,No Agents Available,By Design,Unsuccessful,a1E1l00000059hzEAA,d10e4098-707b-4c7a-b7b4-63338c7affc6,5701l0000004S9BAAU,772,a1E1l00000059hz,Attempted to Escalate,TRUE,No Response,,,1,1
Other,0,,1,FALSE,,,My Cases,5731U00000012ds,Abandoned,TRUE,151,FALSE,FALSE,,,,a1E1l00000059i3EAA,ad3ac0ae-ef3c-48a2-80d6-83d86043200d,5701l0000004S96AAE,771,a1E1l00000059i3,Case Deflection,FALSE,No Response,,,1,1
,0,,3,TRUE,,,My Cases,5731U00000012ds,,TRUE,52,FALSE,FALSE,No Agents Available,By Design,Unsuccessful,a1E1l00000059hyEAA,0e96c7c1-f5f9-4dd4-8878-e069be0d150f,5701l0000004S91AAE,770,a1E1l00000059hy,Attempted to Escalate,TRUE,No Response,,,1,1
,0,,1,TRUE,,,Home,5731U00000012ds,,TRUE,460,FALSE,FALSE,No Agents Available,By Design,Unsuccessful,a1E1l00000059htEAA,2789bf6f-01e4-4bf1-82aa-9b8b88707a13,5701l0000004S8wAAE,769,a1E1l00000059ht,Attempted to Escalate,TRUE,No Response,,,1,1
,0,,1,TRUE,,,Contact Us,5731U00000012ds,,TRUE,29,FALSE,FALSE,No Agents Available,By Design,Unsuccessful,a1E1l00000059hoEAA,806c818f-b727-4cc2-be33-caaef2d603b4,5701l0000004S8rAAE,768,a1E1l00000059ho,Attempted to Escalate,TRUE,No Response,,,1,1
,0,,2,TRUE,,,Support,5731U00000012ds,,TRUE,32,FALSE,FALSE,No Agents Available,By Design,Unsuccessful,a1E1l00000059hkEAA,f2829715-8730-4a1d-80ac-0b3569e4c211,5701l0000004S8mAAE,767,a1E1l00000059hk,Attempted to Escalate,TRUE,No Response,,,1,1
,0,,1,TRUE,,,My Cases,5731U000000zxcz,,TRUE,29,FALSE,FALSE,No Agents Available,By Design,Unsuccessful,a1E1l00000059hjEAA,dd4d62a6-74a5-404b-9d78-d12bfc32e7ce,5701l0000004S8hAAE,766,a1E1l00000059hj,Attempted to Escalate,TRUE,No Response,,,1,1
,0,,1,TRUE,,,My Cases,5731U000000zxcz,,TRUE,65,FALSE,FALSE,No Agents Available,By Design,Unsuccessful,a1E1l00000059hGEAQ,a0c84c64-fc63-4801-9a8c-e43009af984f,5701l0000004S8cAAE,765,a1E1l00000059hG,Attempted to Escalate,TRUE,No Response,,,1,1
,0,,1,TRUE,,,My Cases,5731U000000zxcz,,TRUE,23,FALSE,FALSE,No Agents Available,By Design,Unsuccessful,a1E1l00000059heEAA,abddce11-bf6a-4a82-aabd-45892cd3f3fb,5701l0000004S8XAAU,764,a1E1l00000059he,Attempted to Escalate,TRUE,No Response,,,1,1
,0,,1,TRUE,,,My Cases,5731U000000zxcz,,TRUE,35,FALSE,FALSE,No Agents Available,By Design,Unsuccessful,a1E1l00000059hZEAQ,ef782795-9e25-45f8-b37b-163cfada9c1d,5701l0000004S8SAAU,763,a1E1l00000059hZ,Attempted to Escalate,TRUE,No Response,,,1,1
,0,,2,TRUE,,,My Cases,5731U000000zxcz,,TRUE,60,FALSE,FALSE,No Agents Available,By Design,Unsuccessful,a1E1l00000059hUEAQ,97dc8646-6061-4e84-822b-24cad31249a0,5701l0000004S8NAAU,762,a1E1l00000059hU,Attempted to Escalate,TRUE,No Response,,,1,1
,0,,1,TRUE,,,My Cases,5731U000000zxcz,,TRUE,33,FALSE,FALSE,No Agents Available,By Design,Unsuccessful,a1E1l00000059hPEAQ,7c000a27-b7c7-4886-b07d-ba2e3d89fbb8,5701l0000004S8IAAU,761,a1E1l00000059hP,Attempted to Escalate,TRUE,No Response,,,1,2
,0,,1,TRUE,,,Home,5731U000000zxcz,,TRUE,33,FALSE,FALSE,No Agents Available,By Design,Unsuccessful,a1E1l00000059hKEAQ,94462902-1d35-4b90-a548-d5b0f1ab5796,5701l0000004S8DAAU,760,a1E1l00000059hK,Attempted to Escalate,TRUE,No Response,,,1,1
,0,,2,TRUE,,,Contact Us,5731U000000zxcz,,TRUE,24,FALSE,FALSE,No Agents Available,By Design,Unsuccessful,a1E1l00000059hFEAQ,e831abd0-f0ec-4ed7-b8f9-24633dc1c7f3,5701l0000004S88AAE,759,a1E1l00000059hF,Attempted to Escalate,TRUE,No Response,,,1,1
,0,,1,TRUE,,,Support,5731U000000zxcz,,TRUE,34,FALSE,FALSE,No Agents Available,By Design,Unsuccessful,a1E1l00000059hAEAQ,c632b95c-e38e-44eb-8398-f17810c40951,5701l0000004S83AAE,758,a1E1l00000059hA,Attempted to Escalate,TRUE,No Response,,,1,1
,0,,1,TRUE,,,My Cases,5731U000000zxcz,,TRUE,36,FALSE,FALSE,No Agents Available,By Design,Unsuccessful,a1E1l00000059h5EAA,25b79335-d504-4b86-a3fb-16052cf577fc,5701l0000004S7yAAE,757,a1E1l00000059h5,Attempted to Escalate,TRUE,No Response,,,1,1
,0,,2,TRUE,,,My Cases,5731U000000zxcz,,TRUE,42,FALSE,FALSE,No Agents Available,By Design,Unsuccessful,a1E1l00000059h0EAA,89631bed-1324-4fe6-84cb-f8f5805c14b7,5701l0000004S7tAAE,756,a1E1l00000059h0,Attempted to Escalate,TRUE,No Response,,,1,1
Other,0,,2,FALSE,,,My Cases,5731U000000zxcz,Abandoned,TRUE,61,FALSE,FALSE,,,,a1E1l00000059gvEAA,1e6bb011-fdb4-4422-b400-dbfa14ccafc5,5701l0000004S7oAAE,755,a1E1l00000059gv,Case Deflection,FALSE,No Response,,,1,1
Other,0,,1,FALSE,,,Home,5731U000000zxcz,Abandoned,TRUE,34,FALSE,FALSE,,,,a1E1l00000059gmEAA,376028b6-f64f-4913-acfe-e5ee9c610fc3,5701l0000004S7jAAE,754,a1E1l00000059gm,Case Deflection,FALSE,No Response,,,1,1
,0,,1,TRUE,,,Contact Us,5731U000000zxcz,,TRUE,40,FALSE,FALSE,No Agents Available,By Design,Unsuccessful,a1E1l00000059gqEAA,ca58d6b7-62fc-41ba-a612-c7043c6b23cf,5701l0000004S7eAAE,753,a1E1l00000059gq,Attempted to Escalate,TRUE,No Response,,,1,1
,0,,2,TRUE,,,Support,5731U000000zxcz,,TRUE,22,FALSE,FALSE,No Agents Available,By Design,Unsuccessful,a1E1l00000059glEAA,f15a82be-2021-4cbf-9628-f2899cdfd5ac,5701l0000004S7ZAAU,752,a1E1l00000059gl,Attempted to Escalate,TRUE,No Response,,,1,1
,0,,1,TRUE,,,My Cases,5731U000000zxcz,,TRUE,29,FALSE,FALSE,No Agents Available,By Design,Unsuccessful,a1E1l00000059ggEAA,6dc602b9-5556-4c2d-8e89-2bc1ec4d72cb,5701l0000004S7UAAU,751,a1E1l00000059gg,Attempted to Escalate,TRUE,No Response,,,1,2
,0,,1,TRUE,,,My Cases,5731U000000zxcz,,TRUE,36,FALSE,FALSE,No Agents Available,By Design,Unsuccessful,a1E1l00000059gbEAA,bc06afcd-f4c6-4b16-8090-1b50dc5f6f79,5701l0000004S7PAAU,750,a1E1l00000059gb,Attempted to Escalate,TRUE,No Response,,,1,2
,0,,1,TRUE,,,My Cases,5731U000000zxcz,,TRUE,26,FALSE,FALSE,No Agents Available,By Design,Unsuccessful,a1E1l00000059gWEAQ,4c0fae80-bb79-4591-9bbd-335c379cbc35,5701l0000004S7KAAU,749,a1E1l00000059gW,Attempted to Escalate,TRUE,No Response,,,1,2
,0,,1,TRUE,,,Home,5731U000000zxcz,,TRUE,27,FALSE,FALSE,No Agents Available,By Design,Unsuccessful,a1E1l00000059gREAQ,21124d25-c8fb-46b5-ba47-3444bdad4ac7,5701l0000004S7FAAU,748,a1E1l00000059gR,Attempted to Escalate,TRUE,No Response,,,1,1
,0,,1,TRUE,,,Contact Us,5731U000000zxcz,,TRUE,49,FALSE,FALSE,No Agents Available,By Design,Unsuccessful,a1E1l00000059gMEAQ,81a6ce6a-b720-4a30-9829-469f5926ee33,5701l0000004S7AAAU,747,a1E1l00000059gM,Attempted to Escalate,TRUE,No Response,,,1,5
,0,,1,TRUE,,,Support,5731U000000zxcz,,TRUE,22,FALSE,FALSE,No Agents Available,By Design,Unsuccessful,a1E1l00000059gHEAQ,14cf06be-db41-461e-a2b8-6a6a1e2daf26,5701l0000004S75AAE,746,a1E1l00000059gH,Attempted to Escalate,TRUE,No Response,,,1,4
,0,,2,TRUE,,,My Cases,5731U000000zxcz,,TRUE,37,FALSE,FALSE,No Agents Available,By Design,Unsuccessful,a1E1l00000059gCEAQ,15b6c312-5b3a-4f61-a4f5-8bfa8973f640,5701l0000004S70AAE,745,a1E1l00000059gC,Attempted to Escalate,TRUE,No Response,,,1,2
,0,,1,TRUE,,,My Cases,5731U000000zxcz,,TRUE,29,FALSE,FALSE,No Agents Available,By Design,Unsuccessful,a1E1l00000059g7EAA,8a2f6a29-f488-44a8-9605-75663014ad72,5701l0000004S6vAAE,744,a1E1l00000059g7,Attempted to Escalate,TRUE,No Response,,,1,4
,0,,1,TRUE,,,My Cases,5731U000000zxcz,,TRUE,43,FALSE,FALSE,No Agents Available,By Design,Unsuccessful,a1E1l00000059g2EAA,679d9322-f349-4a2b-a28a-9e668b5f1033,5701l0000004S6qAAE,743,a1E1l00000059g2,Attempted to Escalate,TRUE,No Response,,,1,2
,0,,1,TRUE,,,,5731U000000zxcz,,TRUE,43,FALSE,FALSE,No Agents Available,By Design,Unsuccessful,a1E1l00000059fxEAA,2e4def58-1014-4320-9fa9-080a565a2056,5701l0000004S6lAAE,742,a1E1l00000059fx,Attempted to Escalate,TRUE,No Response,,,1,2
,0,,2,FALSE,,,,5731U000000zxcz,Self-Served,TRUE,34,FALSE,FALSE,,,,a1E1l00000059fsEAA,65e569f0-7411-402c-b83a-2a9c89171a7c,5701l0000004S6gAAE,741,a1E1l00000059fs,Case Deflection,TRUE,No Response,,,1,1
,0,,1,FALSE,,,My Cases,5731U000000zxcz,Self-Served,TRUE,20,FALSE,FALSE,,,,a1E1l00000059fnEAA,f60b0682-e0a4-49a4-beca-cc6877b2c87c,5701l0000004S6bAAE,740,a1E1l00000059fn,Case Deflection,TRUE,No Response,,,1,3
,0,,1,FALSE,,,My Cases,5731U000000zxcz,Self-Served,TRUE,26,FALSE,FALSE,,,,a1E1l00000059fiEAA,b4722d43-be4c-4f2c-b806-3717c304c38b,5701l0000004S6WAAU,739,a1E1l00000059fi,Case Deflection,TRUE,No Response,,,1,1
Other,0,,1,FALSE,,,My Cases,5731U000000zxcz,Abandoned,TRUE,63,FALSE,FALSE,,,,a1E1l00000059fdEAA,e4debb19-ce6b-452c-8b23-d8f4a599b7ab,5701l0000004S6RAAU,738,a1E1l00000059fd,Case Deflection,FALSE,No Response,,,1,2
,0,,1,TRUE,,,Home,5731U000000zxcz,,TRUE,23,FALSE,FALSE,No Agents Available,By Design,Unsuccessful,a1E1l00000059fYEAQ,4927f292-9f65-4835-9b2f-30d3a7abe9ca,5701l0000004S6MAAU,737,a1E1l00000059fY,Attempted to Escalate,TRUE,No Response,,,1,1
,0,,2,TRUE,,,Contact Us,5731U000000zxcz,,TRUE,95,FALSE,FALSE,No Agents Available,By Design,Unsuccessful,a1E1l00000059fFEAQ,ea042720-9d30-40e3-a71e-e863e7fbcf9a,5701l0000004S6HAAU,736,a1E1l00000059fF,Attempted to Escalate,TRUE,No Response,,,1,1
,0,,1,TRUE,,,Support,5731U000000zxcz,,TRUE,96,FALSE,FALSE,No Agents Available,By Design,Unsuccessful,a1E1l00000059fTEAQ,ce605a92-f039-44a8-bb12-450b67e980be,5701l0000004S6CAAU,735,a1E1l00000059fT,Attempted to Escalate,TRUE,No Response,,,1,1
Other,0,,1,FALSE,,,My Cases,5731U000000zxcz,Abandoned,TRUE,34,FALSE,FALSE,,,,a1E1l00000059fOEAQ,4325e1a7-cc9f-47dc-9362-704bd9dbb11c,5701l0000004S67AAE,734,a1E1l00000059fO,Case Deflection,FALSE,No Response,,,1,1
Other,0,,1,FALSE,,,My Cases,5731U000000zxcz,Abandoned,TRUE,23,FALSE,FALSE,,,,a1E1l00000059fEEAQ,f6b8d89d-59aa-4f92-a04c-87578d662458,5701l0000004S62AAE,733,a1E1l00000059fE,Case Deflection,FALSE,No Response,,,1,3
Other,0,,1,FALSE,,,My Cases,5731U000000zxcz,Abandoned,TRUE,44,FALSE,FALSE,,,,a1E1l00000059f9EAA,c0b0665a-3cbe-4ec0-ac0d-3c4423db7cee,5701l0000004S5xAAE,732,a1E1l00000059f9,Case Deflection,FALSE,No Response,,,1,1
Other,0,,1,FALSE,,,Home,5731U000000zxcz,Abandoned,TRUE,55,FALSE,FALSE,,,,a1E1l00000059elEAA,5852737b-4303-40e0-8a36-4dc061d2191c,5701l0000004S5sAAE,731,a1E1l00000059el,Case Deflection,FALSE,No Response,,,1,2
,0,,1,TRUE,,,Contact Us,5731U000000zxcz,,TRUE,30,FALSE,FALSE,No Agents Available,By Design,Unsuccessful,a1E1l00000059ewEAA,e3fb75ca-d89b-4fc4-83c7-778267a6d7ec,5701l0000004S5nAAE,730,a1E1l00000059ew,Attempted to Escalate,TRUE,No Response,,,1,1
,0,,2,TRUE,,,Support,5731U000000zxcz,,TRUE,28,FALSE,FALSE,No Agents Available,By Design,Unsuccessful,a1E1l00000059f4EAA,9db89753-8fa7-440a-bc0a-630f9eb674a1,5701l0000004S5iAAE,729,a1E1l00000059f4,Attempted to Escalate,TRUE,No Response,,,1,5
,0,,1,TRUE,,,My Cases,5731U000000zxcz,,TRUE,16,FALSE,FALSE,No Agents Available,By Design,Unsuccessful,a1E1l00000059evEAA,eb670cff-f0c7-4874-896d-0506b68c4e1e,5701l0000004S5dAAE,728,a1E1l00000059ev,Attempted to Escalate,TRUE,No Response,,,1,1
,0,,1,TRUE,,,My Cases,5731U000000zxcz,,TRUE,21,FALSE,FALSE,No Agents Available,By Design,Unsuccessful,a1E1l00000059ezEAA,10361526-8f07-4459-a3aa-46730301eaf7,5701l0000004S5YAAU,727,a1E1l00000059ez,Attempted to Escalate,TRUE,No Response,,,1,3
,0,,1,TRUE,,,My Cases,5731U000000zxcz,,TRUE,31,FALSE,FALSE,No Agents Available,By Design,Unsuccessful,a1E1l00000059euEAA,c17d570d-7ead-46ad-b87c-c453c8924d56,5701l0000004S5TAAU,726,a1E1l00000059eu,Attempted to Escalate,TRUE,No Response,,,1,1
,0,,1,TRUE,,,Home,5731U000000zxcz,,TRUE,16,FALSE,FALSE,No Agents Available,By Design,Unsuccessful,a1E1l00000059epEAA,ae4b4a09-9a69-43d4-981e-ac00b2e918d7,5701l0000004S5OAAU,725,a1E1l00000059ep,Attempted to Escalate,TRUE,No Response,,,1,1
,0,,2,TRUE,,,Contact Us,5731U000000zxcz,,TRUE,20,FALSE,FALSE,No Agents Available,By Design,Unsuccessful,a1E1l00000059ekEAA,74f58e52-a38c-481e-997f-696fe21a0688,5701l0000004S5JAAU,724,a1E1l00000059ek,Attempted to Escalate,TRUE,No Response,,,1,1
,0,,1,TRUE,,,Support,5731U000000zxcz,,TRUE,43,FALSE,FALSE,No Agents Available,By Design,Unsuccessful,a1E1l00000059efEAA,fe750ade-e6ff-4de5-a6af-2d086f14317b,5701l0000004S5EAAU,723,a1E1l00000059ef,Attempted to Escalate,TRUE,No Response,,,1,1
,0,,2,FALSE,,,My Cases,5731U000000zxcz,Self-Served,TRUE,17,FALSE,FALSE,,,,a1E1l00000059eaEAA,a662c970-f03a-4c6e-a87b-cddd0928bd61,5701l0000004S59AAE,722,a1E1l00000059ea,Case Deflection,TRUE,No Response,,,1,1
,0,,1,TRUE,,,My Cases,5731U000000zxcz,,TRUE,18,FALSE,FALSE,No Agents Available,By Design,Unsuccessful,a1E1l00000059eVEAQ,a40c370b-69b4-48d7-b790-5ebaaa6b891b,5701l0000004S54AAE,721,a1E1l00000059eV,Attempted to Escalate,TRUE,No Response,,,1,1
,0,,1,TRUE,,,My Cases,5731U000000zxcz,,TRUE,19,FALSE,FALSE,No Agents Available,By Design,Unsuccessful,a1E1l00000059eQEAQ,8ba812ae-155b-4c7d-b94d-5da39d270186,5701l0000004S4zAAE,720,a1E1l00000059eQ,Attempted to Escalate,TRUE,No Response,,,1,1
,0,,1,TRUE,,,,5731U000000zxcz,,TRUE,22,FALSE,FALSE,No Agents Available,By Design,Unsuccessful,a1E1l00000059eLEAQ,0205403d-f7fe-4822-86cd-b7590b578187,5701l0000004S4uAAE,719,a1E1l00000059eL,Attempted to Escalate,TRUE,No Response,,,1,1
,0,,1,TRUE,,,,5731U000000zxcz,,TRUE,0,FALSE,FALSE,No Agents Available,By Design,Unsuccessful,a1E1l00000059eGEAQ,f3ad5e65-1a26-4161-8f96-78f9585e2ae6,5701l0000004S4pAAE,718,a1E1l00000059eG,Attempted to Escalate,TRUE,No Response,,,1,1